{"coef": [-0.003352589144094457, 0.006738328585104336, 0.0037718071389359667, -0.15936660807819966, 0.42198220736069186, -0.666181293135074, 0.002090948567468826, 0.265657612586482], "intercept": -0.16577672335619406, "feature_names": ["num_words", "num_unique_words", "num_stopwords", "num_links", "num_unique_domains", "num_email_addresses", "num_spelling_errors", "num_urgent_keywords"]}