{"coef": [-0.0033550720298545712, 0.006745629079510296, 0.0037749921237567514, -0.1592179171045826, 0.42180380906071235, -0.6662879789953097, 0.0020906545797983885, 0.2647276752517751], "intercept": -0.16617524594729755, "feature_names": ["num_words", "num_unique_words", "num_stopwords", "num_links", "num_unique_domains", "num_email_addresses", "num_spelling_errors", "num_urgent_keywords"]}